candidate_id,H_ppm,N_ppm,polarity,baseline_centered_height,height_fraction_of_centered_max,matched_without_offset
1,7.399758767829591,121.08863188732005,1,260764.818359375,1.0,False
2,7.5619584026251,112.69541220706941,1,225606.98828125,0.8651741814738522,True
3,7.487936243424199,112.61895653047173,1,222765.54296875,0.8542775991420131,False
4,6.827215401594054,112.62427571422324,1,221673.8369140625,0.8500910449068364,False
5,7.798940475344448,127.40781132474181,1,217859.3603515625,0.8354630111617204,False
6,8.568689551092337,129.80088805316797,1,216960.265625,0.8320150969368674,False
7,8.348948021165416,123.35050624925492,1,214759.2216796875,0.8235743726123187,False
8,7.783810591033886,120.64337619333214,1,213073.3056640625,0.8171090985533712,False
9,6.811756046442305,113.23659219135355,1,207802.3125,0.7968955084025778,False
10,8.465852224186552,123.66454180965468,1,199894.3251953125,0.7665693802291482,True
11,7.399883215086495,113.23938532627349,1,195877.169921875,0.7511640993376852,False
12,8.18959999108702,122.20409027401641,1,194695.6015625,0.7466329345632001,False
13,8.374046841666438,104.64798919173059,1,193137.900390625,0.7406593481657888,False
14,7.9908994141658205,118.28493802341262,1,192178.3203125,0.7369794802903511,False
15,8.185846530270506,124.32759687464693,1,191853.9931640625,0.7357357268174783,False
16,8.310933353113045,119.97384898398379,1,190597.8701171875,0.7309186542738048,True
17,6.770522675074434,112.67586044500459,1,188181.755859375,0.7216531625828101,False
18,6.806519512102078,112.68658213022431,1,187367.4951171875,0.7185305759267171,False
19,8.537646060997224,120.26398343703643,1,184519.4814453125,0.7076088047698811,False
20,8.512736111557977,123.88571946930789,1,175057.310546875,0.6713225796649395,False
21,8.092224716019098,119.43263992632934,1,169412.3798828125,0.6496749866361786,False
22,7.786370273622234,110.823514950964,1,167751.591796875,0.6433060750000672,False
23,7.974702471438034,125.30926990577028,1,167204.8251953125,0.6412092944412383,False
24,8.390243159736547,123.48279934346166,1,163868.0244140625,0.6284130867233269,False
25,8.873517255998888,118.70083179970858,1,161766.345703125,0.6203534154679773,False
26,8.30683718185171,125.55350482463888,1,160088.5166015625,0.6139191536986224,False
27,8.467680826590543,116.559915062189,1,157310.4853515625,0.6032657562523019,False
28,7.91545645351189,110.41106366236545,1,157173.482421875,0.6027403673959774,False
29,9.089010454845685,117.72032001812518,1,157014.7421875,0.602131618733586,False
30,8.078123978382816,123.72923085667685,1,156573.6767578125,0.6004401887605455,False
31,8.18967269598997,125.7183577244313,1,155498.96484375,0.5963188048989336,False
32,9.570229797164341,130.9352274131414,1,152234.259765625,0.5837990750570585,False
33,8.501651593757293,125.30338107702276,1,151319.76953125,0.5802921210126878,False
34,8.071758453958374,122.34279193979751,1,148704.611328125,0.5702633210404427,False
35,9.002430781321195,119.6958592222601,1,148059.462890625,0.5677892586206769,False
36,8.387670745545341,120.26388865281244,1,146831.2275390625,0.5630791318509306,False
37,8.283539125021433,130.79712959372003,1,144647.7412109375,0.554705738761086,False
38,7.916039034158764,117.42636043191958,1,143602.4375,0.5506971316279837,False
39,7.920983386456735,120.46988577195341,1,142212.509765625,0.5453669350810728,False
40,9.138912962216748,121.94872831901405,1,142079.7900390625,0.5448579717654018,False
41,8.702492648637314,121.97780465963854,1,140805.4072265625,0.539970875336835,False
42,6.960545030751435,110.98231815598346,1,140618.60546875,0.5392545142917071,False
43,8.904521992488283,116.89037210852453,1,139854.3271484375,0.5363236038831596,False
44,8.59442490387473,125.44908997487856,1,139218.7587890625,0.5338862798477558,False
45,8.370747027458062,122.65319112338787,1,138602.744140625,0.5315239418133798,False
46,8.601498977540928,122.03206705616861,1,137252.2548828125,0.5263449868212562,False
47,9.492025481844511,120.23524777774487,1,136187.8818359375,0.5222632512038075,False
48,7.370635551677886,117.26560457844998,1,135784.50390625,0.5207163480125512,False
49,9.198309124724428,118.30377319905395,1,135454.951171875,0.5194525550804815,False
50,8.71667327713871,118.94025071671278,1,133665.7861328125,0.5125913341139448,False
51,8.931864806770307,120.28445756960508,1,133641.2177734375,0.5124971175722748,False
52,7.456514617076173,121.98973601078708,1,133294.46875,0.5111673790530256,False
53,8.03885634815942,113.2120567416577,1,132870.3447265625,0.509540917223911,False
54,7.389916747117247,119.08105392209109,1,132752.30078125,0.5090882336676891,False
55,8.645832004359082,127.61725351563933,1,132505.8603515625,0.5081431658811756,False
56,8.831495105204947,120.53354087235697,1,130623.3642578125,0.5009240321590964,False
57,8.64732071643587,126.40457828388202,1,130393.5595703125,0.5000427603336031,False
58,8.233969948870817,119.9856658713168,1,129339.431640625,0.49600031344096,False
59,7.581125559799988,110.96325271391221,1,128899.59375,0.49431359092450905,False
60,7.327754384484065,116.4070367878679,1,128040.8017578125,0.4910202325735219,False
61,8.48729737816523,121.94922474951248,1,127935.7373046875,0.4906173237233709,False
62,8.612853726346076,125.87082655091886,1,126742.35546875,0.48604085576482586,False
63,7.939863382995906,121.39014499691284,1,125325.541015625,0.48060755206212924,False
64,6.774216484348821,112.22379067083905,1,125250.08984375,0.4803182063890829,False
65,9.665334175698145,114.03983517213949,1,124741.2763671875,0.47836697125021815,False
66,8.804911700665944,129.5208065941104,1,124533.28515625,0.4775693513402698,False
67,7.489613258154018,105.08305215876698,1,124385.923828125,0.47700423933991587,False
68,7.913162474790801,119.5619579329778,1,123808.193359375,0.4747887162782358,False
69,9.138871337456274,127.9329969979515,1,122455.662109375,0.4696019305051029,False
70,8.113309016191629,117.35684310880117,1,121906.005859375,0.4674940685110724,False
71,8.951501846473281,130.75384331318782,1,120103.578125,0.46058198679040496,False
72,8.762839730561732,121.17388730209538,1,119840.9580078125,0.4595748719547465,False
73,8.976838800066428,126.29931397829057,1,119503.9267578125,0.45828239986391595,False
74,6.952977157847438,113.10926598729549,1,119249.75390625,0.45730767922038107,False
75,8.308447486434865,117.88535906412697,1,117748.779296875,0.45155163199430776,False
76,7.062795452696215,119.28376084216464,1,116472.0712890625,0.4466556187366719,False
77,9.525391637645342,119.65938036982078,1,114848.58984375,0.4404297733349541,False
78,9.113282598625123,113.64909412667112,1,114505.5087890625,0.4391141010105737,False
79,8.680400085804294,114.2986591543018,1,113504.1953125,0.4352741908460724,False
80,7.225227247859182,112.22573344456404,1,112584.4931640625,0.43174724977241113,False
81,8.5306412724548,117.58640923918834,1,112582.150390625,0.4317382655334627,False
82,8.968938007654815,116.58989254009352,1,112348.6640625,0.4308428750831941,False
83,8.892987539934609,115.56774560197732,1,112292.5107421875,0.43062753422292854,False
84,8.667435341971435,119.81876656790585,1,110733.1357421875,0.4246475289069854,False
85,9.500847007168112,115.19887951597575,1,110585.2900390625,0.42408055938995015,False
86,8.561378033250206,118.55706023981777,1,110169.421875,0.42248575773427066,False
87,8.566367111127757,123.63137950181708,1,109794.1962890625,0.42104681521012854,False
88,8.938682503215663,121.47785587599388,1,107380.302734375,0.4117898396339188,False
89,8.498005396671841,117.89315448560288,1,106441.8896484375,0.4081911444884555,False
90,8.147070322074077,124.1664049695863,1,106245.0009765625,0.40743610140743813,False
91,7.892967803890137,122.07410604466205,1,99915.4931640625,0.3831632418540572,False
92,9.593085986153008,121.51555855523814,1,99549.2978515625,0.38175892928304417,False
93,7.856650713394868,118.5734456703991,1,99139.408203125,0.3801870544764029,False
94,9.202529533791713,117.99782566146628,1,97121.23828125,0.3724476288338929,False
95,9.685470607629217,129.38554409183055,1,96801.43359375,0.3712212184250345,False
96,8.031600072046391,119.04698447321182,1,96431.978515625,0.36980440506635576,False
97,8.861303340576104,114.34033862576354,1,93978.9404296875,0.3603973151783448,False
98,9.87960842953058,121.2757451185821,1,93823.3095703125,0.3598004905746495,False
99,9.216896870743462,116.91303833339748,1,93145.302734375,0.357200420365013,False
100,8.191785678825903,114.1537671606402,1,87557.3466796875,0.3357713177358906,False
101,8.995029830947674,115.63489692938141,1,87078.6923828125,0.3339357392253902,False
102,6.6306077381018795,128.37517717086342,1,85400.1259765625,0.32749864998608696,False
103,7.09263030777956,119.93393212741191,1,84549.3955078125,0.3242362065548663,False
104,8.596718177121664,123.35819628180971,1,82255.3173828125,0.3154387079527412,False
105,9.389157125240306,119.13326440038774,1,82122.8046875,0.31493053857565184,False
106,6.854095748320438,114.05995705797852,1,81422.1435546875,0.3122435920112312,False
107,8.61770756248876,120.9488606911371,1,80793.255859375,0.30983188747505486,False
108,8.034420618367205,109.97271265136709,1,77748.705078125,0.29815642143479276,False
109,9.648188122230824,119.4782733917906,1,77412.9150390625,0.29686870923045805,False
110,7.819425396216373,115.94344266581689,1,75778.099609375,0.290599399436395,False
111,7.123228643706982,118.54081004908272,1,74633.88671875,0.2862114881459689,False
112,7.52861172928459,114.06226583423701,1,70203.30078125,0.2692207531021259,False
113,8.027375096884033,112.1803311424864,1,70050.984375,0.26863663900572166,False
114,8.245692798909673,121.13501053357962,1,68566.78515625,0.26294492327471175,False
115,8.890596991400589,121.01370812587275,1,68356.1376953125,0.26213711698296266,False
116,7.739756578305995,108.08348858077301,1,67387.6015625,0.25842290377388744,False
117,6.819534430535668,128.28513152116727,1,66159.029296875,0.2537114849814496,False
118,9.314219351579201,122.39844063396023,1,61633.4345703125,0.2363564032835592,False
119,7.4331790911726054,114.97187606422571,1,60752.904296875,0.23297968138151184,False
120,6.931006926459753,111.29066053860603,1,59289.47265625,0.22736760667821287,False
121,7.476253706828816,111.3116359927748,1,56186.2509765625,0.2154671451849344,False
122,6.620760707370952,110.99289790363626,1,50433.3388671875,0.19340545701100834,False
123,8.635325240624914,116.30133865497747,1,47356.373046875,0.18160568340783786,False
124,8.536076332665564,124.86738513409809,1,35437.748046875,0.13589926842829006,False
125,8.05870517017864,118.55241406469548,1,32208.435546875,0.12351526463392275,False
126,8.471120445406392,129.68859846427756,1,29489.03125,0.11308669411591969,False
