automatic_candidate_id_before_shift,author_candidate_id_before_shift,delta_H_ppm,delta_N_ppm,retained_for_median
1,74,-0.05457844802723155,-0.42949060650505544,False
2,1,0.07272325667526403,0.05995971928373933,True
3,2,-0.001794173123721876,-0.025555707787844995,False
5,39,-0.06480821329801234,0.2219794197012135,False
7,6,0.07013296637580346,0.04762026674669073,True
8,24,0.03082803148385871,-0.07568984438458415,False
9,87,-0.027041426149613912,0.10034216943104468,False
10,5,0.07241622764346012,0.049786553091067276,True
13,4,0.016525568658609657,0.12939722951577437,False
14,107,-0.004881627276565936,-0.6144225138670834,False
15,3,-0.015649537504740962,0.6959869161278363,False
18,13,0.07243566824863379,0.0692092381048326,True
19,36,-0.003655157874403514,-0.22640545981614935,False
24,27,0.07239490678156635,0.04974704955998277,True
25,90,0.0033268424895833704,-0.3911616395538289,False
26,22,0.07257456874584278,0.062496320670078376,True
27,10,-0.0025065265929207214,-0.1287499464910411,False
28,94,-0.03990447950663345,-0.21582209746703995,False
29,23,0.07298659906850347,0.05563656393242411,True
30,25,0.07244308037188674,0.06370394011928227,True
31,41,-0.029577328915348033,0.10059313814058157,False
32,108,-0.04632814925136053,0.5078297136298602,False
33,70,0.07249830284206382,0.06947622279066934,True
34,55,0.07210905129608669,0.07152729701647331,True
35,54,0.07235885474926373,0.05026393305821841,True
36,52,0.07344792000252642,0.07135801252641727,True
38,26,-0.04406339527652747,0.2144890548734395,False
39,60,0.07265169031640539,0.053776598819936794,True
40,50,0.07219400324811964,0.052390639444922726,True
41,48,0.07274938997331137,0.05212195636239869,True
42,12,-0.04489831006793743,0.1882609141963485,False
43,45,0.07328068896032924,0.06603851002590488,True
44,35,0.002589539797989815,0.6694579111055248,False
46,44,-0.020178870644512514,-0.09827167941578807,False
47,32,0.07271065401736543,0.05760829673269541,True
50,69,0.07221558208115475,0.05274570430589165,True
54,38,0.07290405535210276,0.05423635641059832,True
55,37,0.0726759154813923,0.05938585890154968,True
57,40,0.07282820490644326,0.06840124368498834,True
58,47,0.07368549945648795,0.05503529597858403,True
59,82,0.008412184589287719,0.36835188375356154,False
61,71,0.07230016023369323,0.04585792250568943,True
63,65,0.07224354140854317,0.04925947356954907,True
64,53,0.07306679970263019,0.05610415004139213,True
66,67,0.07256333707216367,0.07666073991524058,True
67,101,-0.028340938295857043,-0.010656685528829257,False
68,79,0.07254505374436171,0.054737397147576417,True
69,63,0.07275102093662866,0.06860615978651197,True
70,68,0.07304346220632318,0.06882921690396415,True
71,46,-0.040070210519829175,-0.010715863060369202,False
72,51,-0.027199094725187223,0.31262808196372305,False
73,16,-0.004409401643929556,0.08071031441578214,False
74,109,-0.050320112008169104,0.22775548204326412,False
75,75,0.07336128528254093,0.07378063365560195,True
76,104,0.04203033791169375,0.33704329893475915,False
78,81,0.03980803128334642,0.37632595654274326,False
79,66,0.07248689522722174,0.053964173662194526,True
80,57,0.03915814659139549,-0.47495189588275366,False
83,73,0.07300105476735474,0.06401966260102654,True
84,15,0.03360959674326125,-0.11673357053771838,False
85,78,0.07290349213707259,0.06727139302059015,True
86,21,0.011923261240148975,-0.30551118859837345,False
87,80,0.07213856644076078,0.05941779624134824,True
88,84,0.07233526814272118,0.06479247760498197,True
89,85,0.0731451301603876,0.07117838620992245,True
92,99,0.07244767999338819,0.07778030898936095,True
95,98,0.07320631413489309,0.07524232456403013,True
96,91,0.07297660819192853,0.057768127657197965,True
97,102,0.07246783786642474,0.050969983595791746,True
98,14,-0.061517117045477576,0.3556722291545924,False
99,100,0.0732220652379425,0.04928873652204402,True
101,92,0.07223081361379968,0.06264298339769425,True
103,103,0.07118101915556352,0.05056199033010955,True
104,97,0.07334730090807362,0.06012536487236275,True
105,95,0.07341681138303713,0.056106899445950376,True
106,110,0.07259461993188854,0.06881772506032746,True
107,113,0.07086452623470585,0.049635056648455134,True
108,116,0.07352257051438738,0.06479302362183148,True
110,105,0.07310719446445724,0.06876368141546152,True
111,88,0.027513876729454267,-0.3816281469513285,False
112,72,-0.06955598672207763,-0.16873087358703742,False
113,111,0.07204766338542612,0.0508740994080199,True
114,106,0.07222134195933627,0.05954232705349227,True
115,119,0.07291840960024931,0.059591682699590365,True
116,114,0.07387957004281454,0.07587912471606728,True
117,117,0.0721116633221186,0.07028955203219311,True
118,59,-0.03146437839811078,0.41936978919724766,False
119,112,0.07255525132433238,0.06087991588310615,True
120,42,0.04166031689779981,0.3895979567991503,False
121,118,0.07248188516642529,0.07801538422128829,True
